attempt_id,combo_key,x_wind_mps,y_wind_mps,target_run_index,attempt_index,status,success_class,mission_completed_full,square_completed,loiter_completed,analysis_status,raw_log_path,attempt_dir,run_alias,start_time_utc,end_time_utc,duration_wall_s,notes
wind_x_00_y_00__rep_01__attempt_001,wind_x_00_y_00,0,0,1,1,success_square_only,square_loiter_only,False,True,True,done,/home/ahmed/ardupilot_workspace/src/SIM_ARD_GAW/logs/017_params_old_009_matrix_r3_plugin_fixed/wind_x_00_y_00/runs/attempt_001/wind_x_00_y_00__rep_01__attempt_001.BIN,/home/ahmed/ardupilot_workspace/src/SIM_ARD_GAW/logs/017_params_old_009_matrix_r3_plugin_fixed/wind_x_00_y_00/runs/attempt_001,run_01,2026-05-06T10:44:09+00:00,2026-05-06T11:02:15+00:00,1085.5,"wind_injection_artifact=/home/ahmed/ardupilot_workspace/src/SIM_ARD_GAW/logs/017_params_old_009_matrix_r3_plugin_fixed/wind_x_00_y_00/runs/attempt_001/wind_injection.json | completed_square_loiter_early | last_statustext=['Loiter orbits complete', 'Mission: 24 LandStart', 'Mission: 25 LoitAltitude'] | source_bin_name=00000001.BIN | bin_collection_method=isolated_sitl_use_dir"
wind_x_04_y_00__rep_01__attempt_001,wind_x_04_y_00,4,0,1,1,success_square_only,square_loiter_only,False,True,True,done,/home/ahmed/ardupilot_workspace/src/SIM_ARD_GAW/logs/017_params_old_009_matrix_r3_plugin_fixed/wind_x_04_y_00/runs/attempt_001/wind_x_04_y_00__rep_01__attempt_001.BIN,/home/ahmed/ardupilot_workspace/src/SIM_ARD_GAW/logs/017_params_old_009_matrix_r3_plugin_fixed/wind_x_04_y_00/runs/attempt_001,run_01,2026-05-06T11:02:28+00:00,2026-05-06T11:21:47+00:00,1159.5,"wind_injection_artifact=/home/ahmed/ardupilot_workspace/src/SIM_ARD_GAW/logs/017_params_old_009_matrix_r3_plugin_fixed/wind_x_04_y_00/runs/attempt_001/wind_injection.json | completed_square_loiter_early | last_statustext=['Loiter orbits complete', 'Mission: 24 LandStart', 'Mission: 25 LoitAltitude'] | source_bin_name=00000001.BIN | bin_collection_method=isolated_sitl_use_dir"
wind_x_08_y_00__rep_01__attempt_001,wind_x_08_y_00,8,0,1,1,success_square_only,square_loiter_only,False,True,True,done,/home/ahmed/ardupilot_workspace/src/SIM_ARD_GAW/logs/017_params_old_009_matrix_r3_plugin_fixed/wind_x_08_y_00/runs/attempt_001/wind_x_08_y_00__rep_01__attempt_001.BIN,/home/ahmed/ardupilot_workspace/src/SIM_ARD_GAW/logs/017_params_old_009_matrix_r3_plugin_fixed/wind_x_08_y_00/runs/attempt_001,run_01,2026-05-06T11:22:00+00:00,2026-05-06T11:47:09+00:00,1509.1,"wind_injection_artifact=/home/ahmed/ardupilot_workspace/src/SIM_ARD_GAW/logs/017_params_old_009_matrix_r3_plugin_fixed/wind_x_08_y_00/runs/attempt_001/wind_injection.json | completed_square_loiter_early | last_statustext=['Loiter orbits complete', 'Mission: 24 LandStart', 'Mission: 25 LoitAltitude'] | source_bin_name=00000001.BIN | bin_collection_method=isolated_sitl_use_dir"
wind_x_12_y_00__rep_01__attempt_001,wind_x_12_y_00,12,0,1,1,failed,,False,False,False,not_run,/home/ahmed/ardupilot_workspace/src/SIM_ARD_GAW/logs/017_params_old_009_matrix_r3_plugin_fixed/wind_x_12_y_00/runs/attempt_001/wind_x_12_y_00__rep_01__attempt_001.BIN,/home/ahmed/ardupilot_workspace/src/SIM_ARD_GAW/logs/017_params_old_009_matrix_r3_plugin_fixed/wind_x_12_y_00/runs/attempt_001,,2026-05-06T11:47:23+00:00,2026-05-06T12:19:09+00:00,1906.7,"wind_injection_artifact=/home/ahmed/ardupilot_workspace/src/SIM_ARD_GAW/logs/017_params_old_009_matrix_r3_plugin_fixed/wind_x_12_y_00/runs/attempt_001/wind_injection.json | mission_timed_out | last_statustext=['Mission: 20 WP', 'Reached waypoint #20 dist 10m', 'Mission: 21 WP'] | source_bin_name=00000001.BIN | bin_collection_method=isolated_sitl_use_dir | full=False square=False loiter_completed=False accept_square_only=True"
wind_x_00_y_04__rep_01__attempt_001,wind_x_00_y_04,0,4,1,1,interrupted,,False,False,False,not_run,,/home/ahmed/ardupilot_workspace/src/SIM_ARD_GAW/logs/017_params_old_009_matrix_r3_plugin_fixed/wind_x_00_y_04/runs/attempt_001,,2026-05-06T12:19:22+00:00,2026-05-06T12:19:45+00:00,22.7,bookkeeping_recovered_stale_running_record
wind_x_00_y_00__rep_02__attempt_002,wind_x_00_y_00,0,0,2,2,success_square_only,square_loiter_only,False,True,True,done,/home/ahmed/ardupilot_workspace/src/SIM_ARD_GAW/logs/017_params_old_009_matrix_r3_plugin_fixed/wind_x_00_y_00/runs/attempt_002/wind_x_00_y_00__rep_02__attempt_002.BIN,/home/ahmed/ardupilot_workspace/src/SIM_ARD_GAW/logs/017_params_old_009_matrix_r3_plugin_fixed/wind_x_00_y_00/runs/attempt_002,run_02,2026-05-06T12:24:48+00:00,2026-05-06T12:48:12+00:00,1404.3,"wind_injection_artifact=/home/ahmed/ardupilot_workspace/src/SIM_ARD_GAW/logs/017_params_old_009_matrix_r3_plugin_fixed/wind_x_00_y_00/runs/attempt_002/wind_injection.json | completed_square_loiter_early | last_statustext=['Loiter orbits complete', 'Mission: 24 LandStart', 'Mission: 25 LoitAltitude'] | source_bin_name=00000001.BIN | bin_collection_method=isolated_sitl_use_dir"
wind_x_04_y_00__rep_02__attempt_002,wind_x_04_y_00,4,0,2,2,success_square_only,square_loiter_only,False,True,True,done,/home/ahmed/ardupilot_workspace/src/SIM_ARD_GAW/logs/017_params_old_009_matrix_r3_plugin_fixed/wind_x_04_y_00/runs/attempt_002/wind_x_04_y_00__rep_02__attempt_002.BIN,/home/ahmed/ardupilot_workspace/src/SIM_ARD_GAW/logs/017_params_old_009_matrix_r3_plugin_fixed/wind_x_04_y_00/runs/attempt_002,run_02,2026-05-06T12:48:25+00:00,2026-05-06T13:07:12+00:00,1127.4,"wind_injection_artifact=/home/ahmed/ardupilot_workspace/src/SIM_ARD_GAW/logs/017_params_old_009_matrix_r3_plugin_fixed/wind_x_04_y_00/runs/attempt_002/wind_injection.json | completed_square_loiter_early | last_statustext=['Loiter orbits complete', 'Mission: 24 LandStart', 'Mission: 25 LoitAltitude'] | source_bin_name=00000001.BIN | bin_collection_method=isolated_sitl_use_dir"
wind_x_08_y_00__rep_02__attempt_002,wind_x_08_y_00,8,0,2,2,success_square_only,square_loiter_only,False,True,True,done,/home/ahmed/ardupilot_workspace/src/SIM_ARD_GAW/logs/017_params_old_009_matrix_r3_plugin_fixed/wind_x_08_y_00/runs/attempt_002/wind_x_08_y_00__rep_02__attempt_002.BIN,/home/ahmed/ardupilot_workspace/src/SIM_ARD_GAW/logs/017_params_old_009_matrix_r3_plugin_fixed/wind_x_08_y_00/runs/attempt_002,run_02,2026-05-06T13:07:25+00:00,2026-05-06T13:30:54+00:00,1408.9,"wind_injection_artifact=/home/ahmed/ardupilot_workspace/src/SIM_ARD_GAW/logs/017_params_old_009_matrix_r3_plugin_fixed/wind_x_08_y_00/runs/attempt_002/wind_injection.json | completed_square_loiter_early | last_statustext=['Mission: 22 WP', 'Reached waypoint #22 dist 20m', 'Mission: 23 LoitTurns'] | source_bin_name=00000001.BIN | bin_collection_method=isolated_sitl_use_dir"
wind_x_12_y_00__rep_01__attempt_002,wind_x_12_y_00,12,0,1,2,failed,,False,True,False,not_run,/home/ahmed/ardupilot_workspace/src/SIM_ARD_GAW/logs/017_params_old_009_matrix_r3_plugin_fixed/wind_x_12_y_00/runs/attempt_002/wind_x_12_y_00__rep_01__attempt_002.BIN,/home/ahmed/ardupilot_workspace/src/SIM_ARD_GAW/logs/017_params_old_009_matrix_r3_plugin_fixed/wind_x_12_y_00/runs/attempt_002,,2026-05-06T13:31:06+00:00,2026-05-06T14:12:43+00:00,2496.4,"wind_injection_artifact=/home/ahmed/ardupilot_workspace/src/SIM_ARD_GAW/logs/017_params_old_009_matrix_r3_plugin_fixed/wind_x_12_y_00/runs/attempt_002/wind_injection.json | mission_timed_out | last_statustext=['Mission: 22 WP', 'Reached waypoint #22 dist 20m', 'Mission: 23 LoitTurns'] | source_bin_name=00000001.BIN | bin_collection_method=isolated_sitl_use_dir | full=False square=True loiter_completed=False accept_square_only=True"
wind_x_00_y_04__rep_01__attempt_002,wind_x_00_y_04,0,4,1,2,interrupted,,False,False,False,not_run,,/home/ahmed/ardupilot_workspace/src/SIM_ARD_GAW/logs/017_params_old_009_matrix_r3_plugin_fixed/wind_x_00_y_04/runs/attempt_002,,2026-05-06T14:12:55+00:00,2026-05-06T14:14:24+00:00,88.4,wind_injection_artifact=/home/ahmed/ardupilot_workspace/src/SIM_ARD_GAW/logs/017_params_old_009_matrix_r3_plugin_fixed/wind_x_00_y_04/runs/attempt_002/wind_injection.json | bookkeeping_recovered_stale_running_record
wind_x_00_y_00__rep_03__attempt_003,wind_x_00_y_00,0,0,3,3,success_square_only,square_loiter_only,False,True,True,done,/home/ahmed/ardupilot_workspace/src/SIM_ARD_GAW/logs/017_params_old_009_matrix_r3_plugin_fixed/wind_x_00_y_00/runs/attempt_003/wind_x_00_y_00__rep_03__attempt_003.BIN,/home/ahmed/ardupilot_workspace/src/SIM_ARD_GAW/logs/017_params_old_009_matrix_r3_plugin_fixed/wind_x_00_y_00/runs/attempt_003,run_03,2026-05-06T14:18:39+00:00,2026-05-06T14:36:19+00:00,1059.8,"wind_injection_artifact=/home/ahmed/ardupilot_workspace/src/SIM_ARD_GAW/logs/017_params_old_009_matrix_r3_plugin_fixed/wind_x_00_y_00/runs/attempt_003/wind_injection.json | completed_square_loiter_early | last_statustext=['Loiter orbits complete', 'Mission: 24 LandStart', 'Mission: 25 LoitAltitude'] | source_bin_name=00000001.BIN | bin_collection_method=isolated_sitl_use_dir"
wind_x_04_y_00__rep_03__attempt_003,wind_x_04_y_00,4,0,3,3,success_square_only,square_loiter_only,False,True,True,done,/home/ahmed/ardupilot_workspace/src/SIM_ARD_GAW/logs/017_params_old_009_matrix_r3_plugin_fixed/wind_x_04_y_00/runs/attempt_003/wind_x_04_y_00__rep_03__attempt_003.BIN,/home/ahmed/ardupilot_workspace/src/SIM_ARD_GAW/logs/017_params_old_009_matrix_r3_plugin_fixed/wind_x_04_y_00/runs/attempt_003,run_03,2026-05-06T14:36:32+00:00,2026-05-06T14:55:24+00:00,1132.2,"wind_injection_artifact=/home/ahmed/ardupilot_workspace/src/SIM_ARD_GAW/logs/017_params_old_009_matrix_r3_plugin_fixed/wind_x_04_y_00/runs/attempt_003/wind_injection.json | completed_square_loiter_early | last_statustext=['Loiter orbits complete', 'Mission: 24 LandStart', 'Mission: 25 LoitAltitude'] | source_bin_name=00000001.BIN | bin_collection_method=isolated_sitl_use_dir"
wind_x_08_y_00__rep_03__attempt_003,wind_x_08_y_00,8,0,3,3,success_square_only,square_loiter_only,False,True,True,done,/home/ahmed/ardupilot_workspace/src/SIM_ARD_GAW/logs/017_params_old_009_matrix_r3_plugin_fixed/wind_x_08_y_00/runs/attempt_003/wind_x_08_y_00__rep_03__attempt_003.BIN,/home/ahmed/ardupilot_workspace/src/SIM_ARD_GAW/logs/017_params_old_009_matrix_r3_plugin_fixed/wind_x_08_y_00/runs/attempt_003,run_03,2026-05-06T14:55:37+00:00,2026-05-06T15:19:19+00:00,1422.0,"wind_injection_artifact=/home/ahmed/ardupilot_workspace/src/SIM_ARD_GAW/logs/017_params_old_009_matrix_r3_plugin_fixed/wind_x_08_y_00/runs/attempt_003/wind_injection.json | completed_square_loiter_early | last_statustext=['Loiter orbits complete', 'Mission: 24 LandStart', 'Mission: 25 LoitAltitude'] | source_bin_name=00000001.BIN | bin_collection_method=isolated_sitl_use_dir"
wind_x_12_y_00__rep_01__attempt_003,wind_x_12_y_00,12,0,1,3,success_square_only,square_loiter_only,False,True,True,done,/home/ahmed/ardupilot_workspace/src/SIM_ARD_GAW/logs/017_params_old_009_matrix_r3_plugin_fixed/wind_x_12_y_00/runs/attempt_003/wind_x_12_y_00__rep_01__attempt_003.BIN,/home/ahmed/ardupilot_workspace/src/SIM_ARD_GAW/logs/017_params_old_009_matrix_r3_plugin_fixed/wind_x_12_y_00/runs/attempt_003,run_01,2026-05-06T15:19:31+00:00,2026-05-06T16:05:17+00:00,2745.8,"wind_injection_artifact=/home/ahmed/ardupilot_workspace/src/SIM_ARD_GAW/logs/017_params_old_009_matrix_r3_plugin_fixed/wind_x_12_y_00/runs/attempt_003/wind_injection.json | completed_square_loiter_early | last_statustext=['Loiter orbits complete', 'Mission: 24 LandStart', 'Mission: 25 LoitAltitude'] | source_bin_name=00000001.BIN | bin_collection_method=isolated_sitl_use_dir"
wind_x_00_y_04__rep_01__attempt_003,wind_x_00_y_04,0,4,1,3,success_square_only,square_loiter_only,False,True,True,done,/home/ahmed/ardupilot_workspace/src/SIM_ARD_GAW/logs/017_params_old_009_matrix_r3_plugin_fixed/wind_x_00_y_04/runs/attempt_003/wind_x_00_y_04__rep_01__attempt_003.BIN,/home/ahmed/ardupilot_workspace/src/SIM_ARD_GAW/logs/017_params_old_009_matrix_r3_plugin_fixed/wind_x_00_y_04/runs/attempt_003,run_01,2026-05-06T16:05:30+00:00,2026-05-06T16:24:38+00:00,1147.7,"wind_injection_artifact=/home/ahmed/ardupilot_workspace/src/SIM_ARD_GAW/logs/017_params_old_009_matrix_r3_plugin_fixed/wind_x_00_y_04/runs/attempt_003/wind_injection.json | completed_square_loiter_early | last_statustext=['Loiter orbits complete', 'Mission: 24 LandStart', 'Mission: 25 LoitAltitude'] | source_bin_name=00000001.BIN | bin_collection_method=isolated_sitl_use_dir"
wind_x_04_y_04__rep_01__attempt_001,wind_x_04_y_04,4,4,1,1,success_square_only,square_loiter_only,False,True,True,done,/home/ahmed/ardupilot_workspace/src/SIM_ARD_GAW/logs/017_params_old_009_matrix_r3_plugin_fixed/wind_x_04_y_04/runs/attempt_001/wind_x_04_y_04__rep_01__attempt_001.BIN,/home/ahmed/ardupilot_workspace/src/SIM_ARD_GAW/logs/017_params_old_009_matrix_r3_plugin_fixed/wind_x_04_y_04/runs/attempt_001,run_01,2026-05-06T16:24:50+00:00,2026-05-06T16:45:13+00:00,1223.2,"wind_injection_artifact=/home/ahmed/ardupilot_workspace/src/SIM_ARD_GAW/logs/017_params_old_009_matrix_r3_plugin_fixed/wind_x_04_y_04/runs/attempt_001/wind_injection.json | completed_square_loiter_early | last_statustext=['Loiter orbits complete', 'Mission: 24 LandStart', 'Mission: 25 LoitAltitude'] | source_bin_name=00000001.BIN | bin_collection_method=isolated_sitl_use_dir"
wind_x_08_y_04__rep_01__attempt_001,wind_x_08_y_04,8,4,1,1,success_square_only,square_loiter_only,False,True,True,done,/home/ahmed/ardupilot_workspace/src/SIM_ARD_GAW/logs/017_params_old_009_matrix_r3_plugin_fixed/wind_x_08_y_04/runs/attempt_001/wind_x_08_y_04__rep_01__attempt_001.BIN,/home/ahmed/ardupilot_workspace/src/SIM_ARD_GAW/logs/017_params_old_009_matrix_r3_plugin_fixed/wind_x_08_y_04/runs/attempt_001,run_01,2026-05-06T16:45:26+00:00,2026-05-06T17:12:07+00:00,1600.6,"wind_injection_artifact=/home/ahmed/ardupilot_workspace/src/SIM_ARD_GAW/logs/017_params_old_009_matrix_r3_plugin_fixed/wind_x_08_y_04/runs/attempt_001/wind_injection.json | completed_square_loiter_early | last_statustext=['Loiter orbits complete', 'Mission: 24 LandStart', 'Mission: 25 LoitAltitude'] | source_bin_name=00000001.BIN | bin_collection_method=isolated_sitl_use_dir"
wind_x_12_y_04__rep_01__attempt_001,wind_x_12_y_04,12,4,1,1,failed,,False,True,False,not_run,/home/ahmed/ardupilot_workspace/src/SIM_ARD_GAW/logs/017_params_old_009_matrix_r3_plugin_fixed/wind_x_12_y_04/runs/attempt_001/wind_x_12_y_04__rep_01__attempt_001.BIN,/home/ahmed/ardupilot_workspace/src/SIM_ARD_GAW/logs/017_params_old_009_matrix_r3_plugin_fixed/wind_x_12_y_04/runs/attempt_001,,2026-05-06T17:12:19+00:00,2026-05-06T18:02:56+00:00,3037.1,"wind_injection_artifact=/home/ahmed/ardupilot_workspace/src/SIM_ARD_GAW/logs/017_params_old_009_matrix_r3_plugin_fixed/wind_x_12_y_04/runs/attempt_001/wind_injection.json | mission_timed_out | last_statustext=['Mission: 22 WP', 'Reached waypoint #22 dist 19m', 'Mission: 23 LoitTurns'] | source_bin_name=00000001.BIN | bin_collection_method=isolated_sitl_use_dir | full=False square=True loiter_completed=False accept_square_only=True"
wind_x_00_y_08__rep_01__attempt_001,wind_x_00_y_08,0,8,1,1,success_square_only,square_loiter_only,False,True,True,done,/home/ahmed/ardupilot_workspace/src/SIM_ARD_GAW/logs/017_params_old_009_matrix_r3_plugin_fixed/wind_x_00_y_08/runs/attempt_001/wind_x_00_y_08__rep_01__attempt_001.BIN,/home/ahmed/ardupilot_workspace/src/SIM_ARD_GAW/logs/017_params_old_009_matrix_r3_plugin_fixed/wind_x_00_y_08/runs/attempt_001,run_01,2026-05-06T18:03:09+00:00,2026-05-06T18:26:39+00:00,1409.5,"wind_injection_artifact=/home/ahmed/ardupilot_workspace/src/SIM_ARD_GAW/logs/017_params_old_009_matrix_r3_plugin_fixed/wind_x_00_y_08/runs/attempt_001/wind_injection.json | completed_square_loiter_early | last_statustext=['Loiter orbits complete', 'Mission: 24 LandStart', 'Mission: 25 LoitAltitude'] | source_bin_name=00000001.BIN | bin_collection_method=isolated_sitl_use_dir"
wind_x_04_y_08__rep_01__attempt_001,wind_x_04_y_08,4,8,1,1,interrupted,,False,False,False,not_run,,/home/ahmed/ardupilot_workspace/src/SIM_ARD_GAW/logs/017_params_old_009_matrix_r3_plugin_fixed/wind_x_04_y_08/runs/attempt_001,,2026-05-06T18:26:51+00:00,2026-05-06T18:27:02+00:00,10.3,bookkeeping_recovered_stale_running_record
wind_x_12_y_00__rep_02__attempt_004,wind_x_12_y_00,12,0,2,4,success_square_only,square_loiter_only,False,True,True,done,/home/ahmed/ardupilot_workspace/src/SIM_ARD_GAW/logs/017_params_old_009_matrix_r3_plugin_fixed/wind_x_12_y_00/runs/attempt_004/wind_x_12_y_00__rep_02__attempt_004.BIN,/home/ahmed/ardupilot_workspace/src/SIM_ARD_GAW/logs/017_params_old_009_matrix_r3_plugin_fixed/wind_x_12_y_00/runs/attempt_004,run_02,2026-05-06T18:29:02+00:00,2026-05-06T19:15:18+00:00,2775.7,"wind_injection_artifact=/home/ahmed/ardupilot_workspace/src/SIM_ARD_GAW/logs/017_params_old_009_matrix_r3_plugin_fixed/wind_x_12_y_00/runs/attempt_004/wind_injection.json | completed_square_loiter_early | last_statustext=['Loiter orbits complete', 'Mission: 24 LandStart', 'Mission: 25 LoitAltitude'] | source_bin_name=00000001.BIN | bin_collection_method=isolated_sitl_use_dir"
wind_x_00_y_04__rep_02__attempt_004,wind_x_00_y_04,0,4,2,4,success_square_only,square_loiter_only,False,True,True,done,/home/ahmed/ardupilot_workspace/src/SIM_ARD_GAW/logs/017_params_old_009_matrix_r3_plugin_fixed/wind_x_00_y_04/runs/attempt_004/wind_x_00_y_04__rep_02__attempt_004.BIN,/home/ahmed/ardupilot_workspace/src/SIM_ARD_GAW/logs/017_params_old_009_matrix_r3_plugin_fixed/wind_x_00_y_04/runs/attempt_004,run_02,2026-05-06T19:15:30+00:00,2026-05-06T19:35:13+00:00,1182.4,"wind_injection_artifact=/home/ahmed/ardupilot_workspace/src/SIM_ARD_GAW/logs/017_params_old_009_matrix_r3_plugin_fixed/wind_x_00_y_04/runs/attempt_004/wind_injection.json | completed_square_loiter_early | last_statustext=['Loiter orbits complete', 'Mission: 24 LandStart', 'Mission: 25 LoitAltitude'] | source_bin_name=00000001.BIN | bin_collection_method=isolated_sitl_use_dir"
wind_x_04_y_04__rep_02__attempt_002,wind_x_04_y_04,4,4,2,2,success_square_only,square_loiter_only,False,True,True,done,/home/ahmed/ardupilot_workspace/src/SIM_ARD_GAW/logs/017_params_old_009_matrix_r3_plugin_fixed/wind_x_04_y_04/runs/attempt_002/wind_x_04_y_04__rep_02__attempt_002.BIN,/home/ahmed/ardupilot_workspace/src/SIM_ARD_GAW/logs/017_params_old_009_matrix_r3_plugin_fixed/wind_x_04_y_04/runs/attempt_002,run_02,2026-05-06T19:35:25+00:00,2026-05-06T19:55:45+00:00,1220.2,"wind_injection_artifact=/home/ahmed/ardupilot_workspace/src/SIM_ARD_GAW/logs/017_params_old_009_matrix_r3_plugin_fixed/wind_x_04_y_04/runs/attempt_002/wind_injection.json | completed_square_loiter_early | last_statustext=['Loiter orbits complete', 'Mission: 24 LandStart', 'Mission: 25 LoitAltitude'] | source_bin_name=00000001.BIN | bin_collection_method=isolated_sitl_use_dir"
wind_x_08_y_04__rep_02__attempt_002,wind_x_08_y_04,8,4,2,2,success_square_only,square_loiter_only,False,True,True,done,/home/ahmed/ardupilot_workspace/src/SIM_ARD_GAW/logs/017_params_old_009_matrix_r3_plugin_fixed/wind_x_08_y_04/runs/attempt_002/wind_x_08_y_04__rep_02__attempt_002.BIN,/home/ahmed/ardupilot_workspace/src/SIM_ARD_GAW/logs/017_params_old_009_matrix_r3_plugin_fixed/wind_x_08_y_04/runs/attempt_002,run_02,2026-05-06T19:55:58+00:00,2026-05-06T20:22:09+00:00,1571.1,"wind_injection_artifact=/home/ahmed/ardupilot_workspace/src/SIM_ARD_GAW/logs/017_params_old_009_matrix_r3_plugin_fixed/wind_x_08_y_04/runs/attempt_002/wind_injection.json | completed_square_loiter_early | last_statustext=['Loiter orbits complete', 'Mission: 24 LandStart', 'Mission: 25 LoitAltitude'] | source_bin_name=00000001.BIN | bin_collection_method=isolated_sitl_use_dir"
wind_x_12_y_04__rep_01__attempt_002,wind_x_12_y_04,12,4,1,2,success_square_only,square_loiter_only,False,True,True,done,/home/ahmed/ardupilot_workspace/src/SIM_ARD_GAW/logs/017_params_old_009_matrix_r3_plugin_fixed/wind_x_12_y_04/runs/attempt_002/wind_x_12_y_04__rep_01__attempt_002.BIN,/home/ahmed/ardupilot_workspace/src/SIM_ARD_GAW/logs/017_params_old_009_matrix_r3_plugin_fixed/wind_x_12_y_04/runs/attempt_002,run_01,2026-05-06T20:22:22+00:00,2026-05-06T21:20:55+00:00,3513.4,"wind_injection_artifact=/home/ahmed/ardupilot_workspace/src/SIM_ARD_GAW/logs/017_params_old_009_matrix_r3_plugin_fixed/wind_x_12_y_04/runs/attempt_002/wind_injection.json | completed_square_loiter_early | last_statustext=['Loiter orbits complete', 'Mission: 24 LandStart', 'Mission: 25 LoitAltitude'] | source_bin_name=00000001.BIN | bin_collection_method=isolated_sitl_use_dir"
wind_x_00_y_08__rep_02__attempt_002,wind_x_00_y_08,0,8,2,2,success_square_only,square_loiter_only,False,True,True,done,/home/ahmed/ardupilot_workspace/src/SIM_ARD_GAW/logs/017_params_old_009_matrix_r3_plugin_fixed/wind_x_00_y_08/runs/attempt_002/wind_x_00_y_08__rep_02__attempt_002.BIN,/home/ahmed/ardupilot_workspace/src/SIM_ARD_GAW/logs/017_params_old_009_matrix_r3_plugin_fixed/wind_x_00_y_08/runs/attempt_002,run_02,2026-05-06T21:21:08+00:00,2026-05-06T21:44:30+00:00,1402.8,"wind_injection_artifact=/home/ahmed/ardupilot_workspace/src/SIM_ARD_GAW/logs/017_params_old_009_matrix_r3_plugin_fixed/wind_x_00_y_08/runs/attempt_002/wind_injection.json | completed_square_loiter_early | last_statustext=['Loiter orbits complete', 'Mission: 24 LandStart', 'Mission: 25 LoitAltitude'] | source_bin_name=00000001.BIN | bin_collection_method=isolated_sitl_use_dir"
wind_x_04_y_08__rep_01__attempt_002,wind_x_04_y_08,4,8,1,2,success_square_only,square_loiter_only,False,True,True,done,/home/ahmed/ardupilot_workspace/src/SIM_ARD_GAW/logs/017_params_old_009_matrix_r3_plugin_fixed/wind_x_04_y_08/runs/attempt_002/wind_x_04_y_08__rep_01__attempt_002.BIN,/home/ahmed/ardupilot_workspace/src/SIM_ARD_GAW/logs/017_params_old_009_matrix_r3_plugin_fixed/wind_x_04_y_08/runs/attempt_002,run_01,2026-05-06T21:44:43+00:00,2026-05-06T22:10:48+00:00,1564.7,"wind_injection_artifact=/home/ahmed/ardupilot_workspace/src/SIM_ARD_GAW/logs/017_params_old_009_matrix_r3_plugin_fixed/wind_x_04_y_08/runs/attempt_002/wind_injection.json | completed_square_loiter_early | last_statustext=['Mission: 22 WP', 'Reached waypoint #22 dist 20m', 'Mission: 23 LoitTurns'] | source_bin_name=00000001.BIN | bin_collection_method=isolated_sitl_use_dir"
wind_x_08_y_08__rep_01__attempt_001,wind_x_08_y_08,8,8,1,1,success_square_only,square_loiter_only,False,True,True,done,/home/ahmed/ardupilot_workspace/src/SIM_ARD_GAW/logs/017_params_old_009_matrix_r3_plugin_fixed/wind_x_08_y_08/runs/attempt_001/wind_x_08_y_08__rep_01__attempt_001.BIN,/home/ahmed/ardupilot_workspace/src/SIM_ARD_GAW/logs/017_params_old_009_matrix_r3_plugin_fixed/wind_x_08_y_08/runs/attempt_001,run_01,2026-05-06T22:11:00+00:00,2026-05-06T22:49:01+00:00,2280.8,"wind_injection_artifact=/home/ahmed/ardupilot_workspace/src/SIM_ARD_GAW/logs/017_params_old_009_matrix_r3_plugin_fixed/wind_x_08_y_08/runs/attempt_001/wind_injection.json | completed_square_loiter_early | last_statustext=['Mission: 22 WP', 'Reached waypoint #22 dist 21m', 'Mission: 23 LoitTurns'] | source_bin_name=00000001.BIN | bin_collection_method=isolated_sitl_use_dir"
wind_x_12_y_08__rep_01__attempt_001,wind_x_12_y_08,12,8,1,1,failed,,False,False,False,not_run,/home/ahmed/ardupilot_workspace/src/SIM_ARD_GAW/logs/017_params_old_009_matrix_r3_plugin_fixed/wind_x_12_y_08/runs/attempt_001/wind_x_12_y_08__rep_01__attempt_001.BIN,/home/ahmed/ardupilot_workspace/src/SIM_ARD_GAW/logs/017_params_old_009_matrix_r3_plugin_fixed/wind_x_12_y_08/runs/attempt_001,,2026-05-06T22:49:14+00:00,2026-05-07T00:04:51+00:00,4537.4,"wind_injection_artifact=/home/ahmed/ardupilot_workspace/src/SIM_ARD_GAW/logs/017_params_old_009_matrix_r3_plugin_fixed/wind_x_12_y_08/runs/attempt_001/wind_injection.json | mission_timed_out | last_statustext=['Mission: 3 WP', 'Reached waypoint #3 dist 19m', 'Mission: 4 WP'] | source_bin_name=00000001.BIN | bin_collection_method=isolated_sitl_use_dir | full=False square=False loiter_completed=False accept_square_only=True"
wind_x_00_y_12__rep_01__attempt_001,wind_x_00_y_12,0,12,1,1,success_square_only,square_loiter_only,False,True,True,done,/home/ahmed/ardupilot_workspace/src/SIM_ARD_GAW/logs/017_params_old_009_matrix_r3_plugin_fixed/wind_x_00_y_12/runs/attempt_001/wind_x_00_y_12__rep_01__attempt_001.BIN,/home/ahmed/ardupilot_workspace/src/SIM_ARD_GAW/logs/017_params_old_009_matrix_r3_plugin_fixed/wind_x_00_y_12/runs/attempt_001,run_01,2026-05-07T00:05:04+00:00,2026-05-07T00:49:58+00:00,2694.7,"wind_injection_artifact=/home/ahmed/ardupilot_workspace/src/SIM_ARD_GAW/logs/017_params_old_009_matrix_r3_plugin_fixed/wind_x_00_y_12/runs/attempt_001/wind_injection.json | completed_square_loiter_early | last_statustext=['Loiter orbits complete', 'Mission: 24 LandStart', 'Mission: 25 LoitAltitude'] | source_bin_name=00000001.BIN | bin_collection_method=isolated_sitl_use_dir"
wind_x_04_y_12__rep_01__attempt_001,wind_x_04_y_12,4,12,1,1,success_square_only,square_loiter_only,False,True,True,done,/home/ahmed/ardupilot_workspace/src/SIM_ARD_GAW/logs/017_params_old_009_matrix_r3_plugin_fixed/wind_x_04_y_12/runs/attempt_001/wind_x_04_y_12__rep_01__attempt_001.BIN,/home/ahmed/ardupilot_workspace/src/SIM_ARD_GAW/logs/017_params_old_009_matrix_r3_plugin_fixed/wind_x_04_y_12/runs/attempt_001,run_01,2026-05-07T00:50:11+00:00,2026-05-07T01:48:02+00:00,3471.3,"wind_injection_artifact=/home/ahmed/ardupilot_workspace/src/SIM_ARD_GAW/logs/017_params_old_009_matrix_r3_plugin_fixed/wind_x_04_y_12/runs/attempt_001/wind_injection.json | completed_square_loiter_early | last_statustext=['Loiter orbits complete', 'Mission: 24 LandStart', 'Mission: 25 LoitAltitude'] | source_bin_name=00000001.BIN | bin_collection_method=isolated_sitl_use_dir"
wind_x_08_y_12__rep_01__attempt_001,wind_x_08_y_12,8,12,1,1,failed,,False,False,False,not_run,/home/ahmed/ardupilot_workspace/src/SIM_ARD_GAW/logs/017_params_old_009_matrix_r3_plugin_fixed/wind_x_08_y_12/runs/attempt_001/wind_x_08_y_12__rep_01__attempt_001.BIN,/home/ahmed/ardupilot_workspace/src/SIM_ARD_GAW/logs/017_params_old_009_matrix_r3_plugin_fixed/wind_x_08_y_12/runs/attempt_001,,2026-05-07T01:48:15+00:00,2026-05-07T03:03:52+00:00,4537.4,"wind_injection_artifact=/home/ahmed/ardupilot_workspace/src/SIM_ARD_GAW/logs/017_params_old_009_matrix_r3_plugin_fixed/wind_x_08_y_12/runs/attempt_001/wind_injection.json | mission_timed_out | last_statustext=['Mission: 4 WP', 'Reached waypoint #4 dist 0m', 'Mission: 5 WP'] | source_bin_name=00000001.BIN | bin_collection_method=isolated_sitl_use_dir | full=False square=False loiter_completed=False accept_square_only=True"
wind_x_12_y_12__rep_01__attempt_001,wind_x_12_y_12,12,12,1,1,failed,,False,False,False,not_run,/home/ahmed/ardupilot_workspace/src/SIM_ARD_GAW/logs/017_params_old_009_matrix_r3_plugin_fixed/wind_x_12_y_12/runs/attempt_001/wind_x_12_y_12__rep_01__attempt_001.BIN,/home/ahmed/ardupilot_workspace/src/SIM_ARD_GAW/logs/017_params_old_009_matrix_r3_plugin_fixed/wind_x_12_y_12/runs/attempt_001,,2026-05-07T03:04:05+00:00,2026-05-07T04:19:42+00:00,4536.9,"wind_injection_artifact=/home/ahmed/ardupilot_workspace/src/SIM_ARD_GAW/logs/017_params_old_009_matrix_r3_plugin_fixed/wind_x_12_y_12/runs/attempt_001/wind_injection.json | mission_timed_out | last_statustext=['Takeoff level-off starting at 14m', 'Takeoff complete at 100.18m', 'Mission: 2 WP'] | source_bin_name=00000001.BIN | bin_collection_method=isolated_sitl_use_dir | full=False square=False loiter_completed=False accept_square_only=True"
wind_x_12_y_00__rep_03__attempt_005,wind_x_12_y_00,12,0,3,5,success_square_only,square_loiter_only,False,True,True,done,/home/ahmed/ardupilot_workspace/src/SIM_ARD_GAW/logs/017_params_old_009_matrix_r3_plugin_fixed/wind_x_12_y_00/runs/attempt_005/wind_x_12_y_00__rep_03__attempt_005.BIN,/home/ahmed/ardupilot_workspace/src/SIM_ARD_GAW/logs/017_params_old_009_matrix_r3_plugin_fixed/wind_x_12_y_00/runs/attempt_005,run_03,2026-05-07T04:19:55+00:00,2026-05-07T05:05:43+00:00,2747.8,"wind_injection_artifact=/home/ahmed/ardupilot_workspace/src/SIM_ARD_GAW/logs/017_params_old_009_matrix_r3_plugin_fixed/wind_x_12_y_00/runs/attempt_005/wind_injection.json | completed_square_loiter_early | last_statustext=['Loiter orbits complete', 'Mission: 24 LandStart', 'Mission: 25 LoitAltitude'] | source_bin_name=00000001.BIN | bin_collection_method=isolated_sitl_use_dir"
wind_x_00_y_04__rep_03__attempt_005,wind_x_00_y_04,0,4,3,5,success_square_only,square_loiter_only,False,True,True,done,/home/ahmed/ardupilot_workspace/src/SIM_ARD_GAW/logs/017_params_old_009_matrix_r3_plugin_fixed/wind_x_00_y_04/runs/attempt_005/wind_x_00_y_04__rep_03__attempt_005.BIN,/home/ahmed/ardupilot_workspace/src/SIM_ARD_GAW/logs/017_params_old_009_matrix_r3_plugin_fixed/wind_x_00_y_04/runs/attempt_005,run_03,2026-05-07T05:05:55+00:00,2026-05-07T05:24:39+00:00,1123.6,"wind_injection_artifact=/home/ahmed/ardupilot_workspace/src/SIM_ARD_GAW/logs/017_params_old_009_matrix_r3_plugin_fixed/wind_x_00_y_04/runs/attempt_005/wind_injection.json | completed_square_loiter_early | last_statustext=['Loiter orbits complete', 'Mission: 24 LandStart', 'Mission: 25 LoitAltitude'] | source_bin_name=00000001.BIN | bin_collection_method=isolated_sitl_use_dir"
wind_x_04_y_04__rep_03__attempt_003,wind_x_04_y_04,4,4,3,3,success_square_only,square_loiter_only,False,True,True,done,/home/ahmed/ardupilot_workspace/src/SIM_ARD_GAW/logs/017_params_old_009_matrix_r3_plugin_fixed/wind_x_04_y_04/runs/attempt_003/wind_x_04_y_04__rep_03__attempt_003.BIN,/home/ahmed/ardupilot_workspace/src/SIM_ARD_GAW/logs/017_params_old_009_matrix_r3_plugin_fixed/wind_x_04_y_04/runs/attempt_003,run_03,2026-05-07T05:25:27+00:00,2026-05-07T05:45:53+00:00,1226.3,"wind_injection_artifact=/home/ahmed/ardupilot_workspace/src/SIM_ARD_GAW/logs/017_params_old_009_matrix_r3_plugin_fixed/wind_x_04_y_04/runs/attempt_003/wind_injection.json | completed_square_loiter_early | last_statustext=['Loiter orbits complete', 'Mission: 24 LandStart', 'Mission: 25 LoitAltitude'] | source_bin_name=00000001.BIN | bin_collection_method=isolated_sitl_use_dir"
wind_x_08_y_04__rep_03__attempt_003,wind_x_08_y_04,8,4,3,3,success_square_only,square_loiter_only,False,True,True,done,/home/ahmed/ardupilot_workspace/src/SIM_ARD_GAW/logs/017_params_old_009_matrix_r3_plugin_fixed/wind_x_08_y_04/runs/attempt_003/wind_x_08_y_04__rep_03__attempt_003.BIN,/home/ahmed/ardupilot_workspace/src/SIM_ARD_GAW/logs/017_params_old_009_matrix_r3_plugin_fixed/wind_x_08_y_04/runs/attempt_003,run_03,2026-05-07T05:46:06+00:00,2026-05-07T06:12:03+00:00,1556.9,"wind_injection_artifact=/home/ahmed/ardupilot_workspace/src/SIM_ARD_GAW/logs/017_params_old_009_matrix_r3_plugin_fixed/wind_x_08_y_04/runs/attempt_003/wind_injection.json | completed_square_loiter_early | last_statustext=['Loiter orbits complete', 'Mission: 24 LandStart', 'Mission: 25 LoitAltitude'] | source_bin_name=00000001.BIN | bin_collection_method=isolated_sitl_use_dir"
wind_x_12_y_04__rep_02__attempt_003,wind_x_12_y_04,12,4,2,3,success_square_only,square_loiter_only,False,True,True,done,/home/ahmed/ardupilot_workspace/src/SIM_ARD_GAW/logs/017_params_old_009_matrix_r3_plugin_fixed/wind_x_12_y_04/runs/attempt_003/wind_x_12_y_04__rep_02__attempt_003.BIN,/home/ahmed/ardupilot_workspace/src/SIM_ARD_GAW/logs/017_params_old_009_matrix_r3_plugin_fixed/wind_x_12_y_04/runs/attempt_003,run_02,2026-05-07T06:12:15+00:00,2026-05-07T07:10:27+00:00,3491.3,"wind_injection_artifact=/home/ahmed/ardupilot_workspace/src/SIM_ARD_GAW/logs/017_params_old_009_matrix_r3_plugin_fixed/wind_x_12_y_04/runs/attempt_003/wind_injection.json | completed_square_loiter_early | last_statustext=['Loiter orbits complete', 'Mission: 24 LandStart', 'Mission: 25 LoitAltitude'] | source_bin_name=00000001.BIN | bin_collection_method=isolated_sitl_use_dir"
wind_x_00_y_08__rep_03__attempt_003,wind_x_00_y_08,0,8,3,3,success_square_only,square_loiter_only,False,True,True,done,/home/ahmed/ardupilot_workspace/src/SIM_ARD_GAW/logs/017_params_old_009_matrix_r3_plugin_fixed/wind_x_00_y_08/runs/attempt_003/wind_x_00_y_08__rep_03__attempt_003.BIN,/home/ahmed/ardupilot_workspace/src/SIM_ARD_GAW/logs/017_params_old_009_matrix_r3_plugin_fixed/wind_x_00_y_08/runs/attempt_003,run_03,2026-05-07T07:10:39+00:00,2026-05-07T07:33:57+00:00,1397.4,"wind_injection_artifact=/home/ahmed/ardupilot_workspace/src/SIM_ARD_GAW/logs/017_params_old_009_matrix_r3_plugin_fixed/wind_x_00_y_08/runs/attempt_003/wind_injection.json | completed_square_loiter_early | last_statustext=['Loiter orbits complete', 'Mission: 24 LandStart', 'Mission: 25 LoitAltitude'] | source_bin_name=00000001.BIN | bin_collection_method=isolated_sitl_use_dir"
wind_x_04_y_08__rep_02__attempt_003,wind_x_04_y_08,4,8,2,3,success_square_only,square_loiter_only,False,True,True,done,/home/ahmed/ardupilot_workspace/src/SIM_ARD_GAW/logs/017_params_old_009_matrix_r3_plugin_fixed/wind_x_04_y_08/runs/attempt_003/wind_x_04_y_08__rep_02__attempt_003.BIN,/home/ahmed/ardupilot_workspace/src/SIM_ARD_GAW/logs/017_params_old_009_matrix_r3_plugin_fixed/wind_x_04_y_08/runs/attempt_003,run_02,2026-05-07T07:34:09+00:00,2026-05-07T08:00:11+00:00,1561.2,"wind_injection_artifact=/home/ahmed/ardupilot_workspace/src/SIM_ARD_GAW/logs/017_params_old_009_matrix_r3_plugin_fixed/wind_x_04_y_08/runs/attempt_003/wind_injection.json | completed_square_loiter_early | last_statustext=['Loiter orbits complete', 'Mission: 24 LandStart', 'Mission: 25 LoitAltitude'] | source_bin_name=00000001.BIN | bin_collection_method=isolated_sitl_use_dir"
wind_x_08_y_08__rep_02__attempt_002,wind_x_08_y_08,8,8,2,2,success_square_only,square_loiter_only,False,True,True,done,/home/ahmed/ardupilot_workspace/src/SIM_ARD_GAW/logs/017_params_old_009_matrix_r3_plugin_fixed/wind_x_08_y_08/runs/attempt_002/wind_x_08_y_08__rep_02__attempt_002.BIN,/home/ahmed/ardupilot_workspace/src/SIM_ARD_GAW/logs/017_params_old_009_matrix_r3_plugin_fixed/wind_x_08_y_08/runs/attempt_002,run_02,2026-05-07T08:00:23+00:00,2026-05-07T08:38:38+00:00,2295.2,"wind_injection_artifact=/home/ahmed/ardupilot_workspace/src/SIM_ARD_GAW/logs/017_params_old_009_matrix_r3_plugin_fixed/wind_x_08_y_08/runs/attempt_002/wind_injection.json | completed_square_loiter_early | last_statustext=['Loiter orbits complete', 'Mission: 24 LandStart', 'Mission: 25 LoitAltitude'] | source_bin_name=00000001.BIN | bin_collection_method=isolated_sitl_use_dir"
wind_x_12_y_08__rep_01__attempt_002,wind_x_12_y_08,12,8,1,2,running,,False,False,False,pending,,/home/ahmed/ardupilot_workspace/src/SIM_ARD_GAW/logs/017_params_old_009_matrix_r3_plugin_fixed/wind_x_12_y_08/runs/attempt_002,,2026-05-07T08:38:51+00:00,2026-05-07T08:52:07+00:00,796.4,wind_injection_artifact=/home/ahmed/ardupilot_workspace/src/SIM_ARD_GAW/logs/017_params_old_009_matrix_r3_plugin_fixed/wind_x_12_y_08/runs/attempt_002/wind_injection.json
